{"cameraMode":{"drawMode":0,"name":"Shaded","section":"Shading Mode"},"sceneLighting":false,"audioPlay":false,"sceneViewState":{"m_AlwaysRefresh":false,"showFog":true,"showSkybox":false,"showFlares":true,"showImageEffects":true,"showParticleSystems":true,"showVisualEffectGraphs":true,"m_FxEnabled":true},"in2DMode":false,"pivot":{"x":-0.33927518129348757,"y":-2.7542366981506349,"z":2.9556798934936525},"rotation":{"x":-0.3730545938014984,"y":-0.04673418775200844,"z":0.01881880685687065,"w":-0.9264426827430725},"size":3.347923755645752,"orthographic":false}